Find ID,Barcode ID,type,value,Protocol
292/1,Reindeer,Ambic_P1105,0.75,Ambic_P1105
292/1,Reindeer,Acid_P1105,0.82,Acid_P1105
305,Reindeer,Ambic_P1105,0.75,Ambic_P1105
305,Reindeer,Acid_P1105,0.85,Acid_P1105
295,Reindeer,Ambic_P1105,0.63,Ambic_P1105
295,Reindeer,Acid_P1105,0.81,Acid_P1105
281,Reindeer,Ambic_P1105,0.69,Ambic_P1105
281,Reindeer,Acid_P1105,0.86,Acid_P1105
329,Elephantidae,Ambic_P1105,NA,Ambic_P1105
329,Elephantidae,Acid_P1105,NA,Acid_P1105
304,Reindeer,Ambic_P1105,NA,Ambic_P1105
304,Reindeer,Acid_P1105,0.83,Acid_P1105
350,Reindeer,Ambic_P1105,0.75,Ambic_P1105
350,Reindeer,Acid_P1105,0.85,Acid_P1105
309,Reindeer,Ambic_P1105,NA,Ambic_P1105
309,Reindeer,Acid_P1105,0.86,Acid_P1105
339/1,Reindeer,Ambic_P1105,NA,Ambic_P1105
339/1,Reindeer,Acid_P1105,0.69,Acid_P1105
339/2,Reindeer,Ambic_P1105,0.72,Ambic_P1105
339/2,Reindeer,Acid_P1105,0.8,Acid_P1105
339/3,Reindeer,Ambic_P1105,0.78,Ambic_P1105
339/3,Reindeer,Acid_P1105,0.91,Acid_P1105
339/4,Elephantidae,Ambic_P1105,0.73,Ambic_P1105
339/4,Elephantidae,Acid_P1105,0.87,Acid_P1105
339/5,Reindeer,Ambic_P1105,0.71,Ambic_P1105
339/5,Reindeer,Acid_P1105,0.82,Acid_P1105
289,Reindeer,Ambic_P1105,0.65,Ambic_P1105
289,Reindeer,Acid_P1105,0.79,Acid_P1105
328,Reindeer,Ambic_P1105,0.68,Ambic_P1105
328,Reindeer,Acid_P1105,0.81,Acid_P1105
308,Equidae,Ambic_P1105,NA,Ambic_P1105
308,Equidae,Acid_P1105,0.69,Acid_P1105
278,Reindeer,Ambic_P1105,0.68,Ambic_P1105
278,Reindeer,Acid_P1105,0.76,Acid_P1105
315/1,Equidae,Ambic_P1105,0.75,Ambic_P1105
315/1,Equidae,Acid_P1105,0.82,Acid_P1105
315/2,Equidae,Ambic_P1105,NA,Ambic_P1105
315/2,Equidae,Acid_P1105,0.74,Acid_P1105
5222,Reindeer,Ambic_P1105,0.69,Ambic_P1105
5222,Reindeer,Acid_P1105,0.8,Acid_P1105
259,Elephantidae,Ambic_P1105,0.73,Ambic_P1105
259,Elephantidae,Acid_P1105,0.8,Acid_P1105
274,Reindeer,Ambic_P1105,NA,Ambic_P1105
274,Reindeer,Acid_P1105,0.76,Acid_P1105
5198,Reindeer,Ambic_P1105,NA,Ambic_P1105
5198,Reindeer,Acid_P1105,0.79,Acid_P1105
5239,Reindeer,Ambic_P1105,NA,Ambic_P1105
5239,Reindeer,Acid_P1105,0.66,Acid_P1105
279,Reindeer,Ambic_P1105,0.6,Ambic_P1105
279,Reindeer,Acid_P1105,0.79,Acid_P1105
306,Reindeer,Ambic_P1105,NA,Ambic_P1105
306,Reindeer,Acid_P1105,0.83,Acid_P1105
299,Reindeer,Ambic_P1105,NA,Ambic_P1105
299,Reindeer,Acid_P1105,0.71,Acid_P1105
5256,Reindeer,Ambic_P1105,NA,Ambic_P1105
5256,Reindeer,Acid_P1105,0.81,Acid_P1105
5101/1,Reindeer,Ambic_P1105,0.81,Ambic_P1105
5101/1,Reindeer,Acid_P1105,0.85,Acid_P1105
5101/2,Elephantidae,Ambic_P1105,0.8,Ambic_P1105
5101/2,Elephantidae,Acid_P1105,0.84,Acid_P1105
5211,Reindeer,Ambic_P1105,0.71,Ambic_P1105
5211,Reindeer,Acid_P1105,0.85,Acid_P1105
132/0,Reindeer,Ambic_P1105,NA,Ambic_P1105
132/0,Reindeer,Acid_P1105,0.79,Acid_P1105
5298,Reindeer,Ambic_P1105,0.7,Ambic_P1105
5298,Reindeer,Acid_P1105,0.7,Acid_P1105
5310,Reindeer,Ambic_P1105,NA,Ambic_P1105
5310,Reindeer,Acid_P1105,0.69,Acid_P1105
515/1,Reindeer,Ambic_P1105,0.73,Ambic_P1105
515/1,Reindeer,Acid_P1105,0.77,Acid_P1105
515/2,Reindeer,Ambic_P1105,0.71,Ambic_P1105
515/2,Reindeer,Acid_P1105,0.82,Acid_P1105
5275,Reindeer,Ambic_P1105,NA,Ambic_P1105
5275,Reindeer,Acid_P1105,0.75,Acid_P1105
5199,Reindeer,Ambic_P1105,0.65,Ambic_P1105
5199,Reindeer,Acid_P1105,0.79,Acid_P1105
5209,Reindeer,Ambic_P1105,NA,Ambic_P1105
5209,Reindeer,Acid_P1105,0.7,Acid_P1105
316,Reindeer,Ambic_P1105,NA,Ambic_P1105
316,Reindeer,Acid_P1105,0.72,Acid_P1105
260,Reindeer,Ambic_P1105,0.78,Ambic_P1105
260,Reindeer,Acid_P1105,0.86,Acid_P1105
233,Reindeer,Ambic_P1105,0.72,Ambic_P1105
233,Reindeer,Acid_P1105,0.83,Acid_P1105
5195,Reindeer,Ambic_P1105,NA,Ambic_P1105
5195,Reindeer,Acid_P1105,0.77,Acid_P1105
5223,Reindeer,Ambic_P1105,0.75,Ambic_P1105
5223,Reindeer,Acid_P1105,0.79,Acid_P1105
5205/1,Elephantidae,Ambic_P1105,NA,Ambic_P1105
5205/1,Elephantidae,Acid_P1105,0.79,Acid_P1105
197,Reindeer,Ambic_P1105,NA,Ambic_P1105
197,Reindeer,Acid_P1105,0.78,Acid_P1105
101,Reindeer,Ambic_P1105,NA,Ambic_P1105
101,Reindeer,Acid_P1105,NA,Acid_P1105
235,Reindeer,Ambic_P1105,NA,Ambic_P1105
235,Reindeer,Acid_P1105,0.72,Acid_P1105
5220,Reindeer,Ambic_P1105,NA,Ambic_P1105
5220,Reindeer,Acid_P1105,0.75,Acid_P1105
5013/1,Reindeer,Ambic_P1105,0.71,Ambic_P1105
5013/1,Reindeer,Acid_P1105,0.78,Acid_P1105
5296,Reindeer,Ambic_P1105,NA,Ambic_P1105
5296,Reindeer,Acid_P1105,0.68,Acid_P1105
280/2,Reindeer,Ambic_P1105,0.63,Ambic_P1105
280/2,Reindeer,Acid_P1105,0.84,Acid_P1105
5311,Reindeer,Ambic_P1105,NA,Ambic_P1105
5311,Reindeer,Acid_P1105,0.9,Acid_P1105
492/2,Reindeer,Ambic_P1105,NA,Ambic_P1105
492/2,Reindeer,Acid_P1105,0.76,Acid_P1105
5221,Reindeer,Ambic_P1105,0.71,Ambic_P1105
5221,Reindeer,Acid_P1105,0.84,Acid_P1105
5214,Reindeer,Ambic_P1105,0.72,Ambic_P1105
5214,Reindeer,Acid_P1105,0.87,Acid_P1105
5313,Elephantidae,Ambic_P1105,0.76,Ambic_P1105
5313,Elephantidae,Acid_P1105,0.81,Acid_P1105
32/1,Reindeer,Ambic_P1105,0.73,Ambic_P1105
32/1,Reindeer,Acid_P1105,0.83,Acid_P1105
32/2,Reindeer,Ambic_P1105,0.79,Ambic_P1105
32/2,Reindeer,Acid_P1105,0.87,Acid_P1105
5124,Reindeer,Ambic_P1105,NA,Ambic_P1105
5124,Reindeer,Acid_P1105,0.78,Acid_P1105
371,Reindeer,Ambic_P1105,NA,Ambic_P1105
371,Reindeer,Acid_P1105,NA,Acid_P1105
5283,Equidae,Ambic_P1105,NA,Ambic_P1105
5283,Equidae,Acid_P1105,0.83,Acid_P1105
400/1,Reindeer,Ambic_P1105,0.68,Ambic_P1105
400/1,Reindeer,Acid_P1105,0.8,Acid_P1105
400/2,Reindeer,Ambic_P1105,0.65,Ambic_P1105
400/2,Reindeer,Acid_P1105,0.68,Acid_P1105
5288,Reindeer,Ambic_P1105,0.77,Ambic_P1105
5288,Reindeer,Acid_P1105,0.84,Acid_P1105
5167/2,Reindeer,Ambic_P1105,0.76,Ambic_P1105
5167/2,Reindeer,Acid_P1105,0.88,Acid_P1105
5970/4,Reindeer,Ambic_P1105,0.71,Ambic_P1105
5970/4,Reindeer,Acid_P1105,0.82,Acid_P1105
5970/5,Reindeer,Ambic_P1105,0.73,Ambic_P1105
5970/5,Reindeer,Acid_P1105,0.86,Acid_P1105
5970/6,Reindeer,Ambic_P1105,0.73,Ambic_P1105
5970/6,Reindeer,Acid_P1105,0.83,Acid_P1105
5970/7,Equidae,Ambic_P1105,0.8,Ambic_P1105
5970/7,Equidae,Acid_P1105,0.83,Acid_P1105
6017,Reindeer,Ambic_P1105,0.69,Ambic_P1105
6017,Reindeer,Acid_P1105,0.81,Acid_P1105
6441/4,Reindeer,Ambic_P1105,0.68,Ambic_P1105
6441/4,Reindeer,Acid_P1105,0.85,Acid_P1105
6441/5,Reindeer,Ambic_P1105,0.78,Ambic_P1105
6441/5,Reindeer,Acid_P1105,0.84,Acid_P1105
1006,Equidae,Ambic_P1105,0.78,Ambic_P1105
1006,Equidae,Acid_P1105,0.86,Acid_P1105
1333,Reindeer,Ambic_P1105,0.75,Ambic_P1105
1333,Reindeer,Acid_P1105,0.81,Acid_P1105
5966/1,Reindeer,Ambic_P1105,NA,Ambic_P1105
5966/1,Reindeer,Acid_P1105,0.82,Acid_P1105
5966/2,Reindeer,Ambic_P1105,0.74,Ambic_P1105
5966/2,Reindeer,Acid_P1105,0.82,Acid_P1105
5966/3,Reindeer,Ambic_P1105,0.75,Ambic_P1105
5966/3,Reindeer,Acid_P1105,0.88,Acid_P1105
5898/4,Reindeer,Ambic_P1105,0.69,Ambic_P1105
5898/4,Reindeer,Acid_P1105,0.8,Acid_P1105
5898/5,Reindeer,Ambic_P1105,0.76,Ambic_P1105
5898/5,Reindeer,Acid_P1105,0.83,Acid_P1105
1034/1,Reindeer,Ambic_P1105,0.74,Ambic_P1105
1034/1,Reindeer,Acid_P1105,0.85,Acid_P1105
1034/5,Reindeer,Ambic_P1105,0.7,Ambic_P1105
1034/5,Reindeer,Acid_P1105,0.77,Acid_P1105
5892,Reindeer,Ambic_P1105,0.71,Ambic_P1105
5892,Reindeer,Acid_P1105,0.82,Acid_P1105
5993/2,Reindeer,Ambic_P1105,0.8,Ambic_P1105
5993/2,Reindeer,Acid_P1105,0.85,Acid_P1105
5993/3,Reindeer,Ambic_P1105,NA,Ambic_P1105
5993/3,Reindeer,Acid_P1105,0.84,Acid_P1105
966,Reindeer,Ambic_P1105,0.76,Ambic_P1105
966,Reindeer,Acid_P1105,0.82,Acid_P1105
1063,Reindeer,Ambic_P1105,NA,Ambic_P1105
1063,Reindeer,Acid_P1105,0.8,Acid_P1105
1377,Reindeer,Ambic_P1105,NA,Ambic_P1105
1377,Reindeer,Acid_P1105,0.75,Acid_P1105
1042,Elephantidae,Ambic_P1105,NA,Ambic_P1105
1042,Elephantidae,Acid_P1105,0.86,Acid_P1105
1403,Reindeer,Ambic_P1105,0.69,Ambic_P1105
1403,Reindeer,Acid_P1105,0.87,Acid_P1105
1355,Reindeer,Ambic_P1105,NA,Ambic_P1105
1355,Reindeer,Acid_P1105,0.81,Acid_P1105
1773,Bos/Bison,Ambic_P1105,NA,Ambic_P1105
1773,Bos/Bison,Acid_P1105,0.88,Acid_P1105
1062,Equidae,Ambic_P1105,0.65,Ambic_P1105
1062,Equidae,Acid_P1105,0.81,Acid_P1105
1283,Equidae,Ambic_P1105,NA,Ambic_P1105
1283,Equidae,Acid_P1105,0.78,Acid_P1105
6000,Reindeer,Ambic_P1105,0.78,Ambic_P1105
6000,Reindeer,Acid_P1105,0.78,Acid_P1105
1962,Bos/Bison,Ambic_P1105,0.76,Ambic_P1105
1962,Bos/Bison,Acid_P1105,0.83,Acid_P1105
1170,Reindeer,Ambic_P1105,NA,Ambic_P1105
1170,Reindeer,Acid_P1105,NA,Acid_P1105
5996/7,Reindeer,Ambic_P1105,0.73,Ambic_P1105
5996/7,Reindeer,Acid_P1105,0.83,Acid_P1105
1014,Reindeer,Ambic_P1105,NA,Ambic_P1105
1014,Reindeer,Acid_P1105,0.75,Acid_P1105
1386,Bos/Bison,Ambic_P1105,NA,Ambic_P1105
1386,Bos/Bison,Acid_P1105,0.87,Acid_P1105
5984/1,Elephantidae,Ambic_P1105,0.74,Ambic_P1105
5984/1,Elephantidae,Acid_P1105,0.86,Acid_P1105
5984/3,Bos/Bison,Ambic_P1105,0.78,Ambic_P1105
5984/3,Bos/Bison,Acid_P1105,0.84,Acid_P1105
5984/4,Reindeer,Ambic_P1105,0.78,Ambic_P1105
5984/4,Reindeer,Acid_P1105,0.88,Acid_P1105
5984/5,Reindeer,Ambic_P1105,NA,Ambic_P1105
5984/5,Reindeer,Acid_P1105,0.83,Acid_P1105
5984/6,Reindeer,Ambic_P1105,NA,Ambic_P1105
5984/6,Reindeer,Acid_P1105,NA,Acid_P1105
5984/7,Reindeer,Ambic_P1105,NA,Ambic_P1105
5984/7,Reindeer,Acid_P1105,0.88,Acid_P1105
5984/9,Reindeer,Ambic_P1105,0.72,Ambic_P1105
5984/9,Reindeer,Acid_P1105,0.86,Acid_P1105
5984/10,Reindeer,Ambic_P1105,0.74,Ambic_P1105
5984/10,Reindeer,Acid_P1105,0.87,Acid_P1105
6483/1,Elephantidae,Ambic_P1105,0.71,Ambic_P1105
6483/1,Elephantidae,Acid_P1105,0.83,Acid_P1105
6733/2,Reindeer,Ambic_P1105,NA,Ambic_P1105
6733/2,Reindeer,Acid_P1105,0.76,Acid_P1105
6757/1,Equidae,Ambic_P1105,0.82,Ambic_P1105
6757/1,Equidae,Acid_P1105,0.89,Acid_P1105
6757/2,Reindeer,Ambic_P1105,NA,Ambic_P1105
6757/2,Reindeer,Acid_P1105,0.9,Acid_P1105
6757/4,Reindeer,Ambic_P1105,NA,Ambic_P1105
6757/4,Reindeer,Acid_P1105,0.86,Acid_P1105
6757/5,Reindeer,Ambic_P1105,0.78,Ambic_P1105
6757/5,Reindeer,Acid_P1105,0.93,Acid_P1105
6757/6,Reindeer,Ambic_P1105,0.72,Ambic_P1105
6757/6,Reindeer,Acid_P1105,0.81,Acid_P1105
6757/7,Reindeer,Ambic_P1105,0.82,Ambic_P1105
6757/7,Reindeer,Acid_P1105,0.9,Acid_P1105
6757/8,Reindeer,Ambic_P1105,NA,Ambic_P1105
6757/8,Reindeer,Acid_P1105,0.81,Acid_P1105
6757/9,Reindeer,Ambic_P1105,0.8,Ambic_P1105
6757/9,Reindeer,Acid_P1105,0.93,Acid_P1105
6385/3,Reindeer,Ambic_P1105,0.77,Ambic_P1105
6385/3,Reindeer,Acid_P1105,0.91,Acid_P1105
6808/1,Reindeer,Ambic_P1105,0.73,Ambic_P1105
6808/1,Reindeer,Acid_P1105,0.78,Acid_P1105
6808/3,Reindeer,Ambic_P1105,NA,Ambic_P1105
6808/3,Reindeer,Acid_P1105,0.83,Acid_P1105
2233/2,Reindeer,Ambic_P1105,0.82,Ambic_P1105
2233/2,Reindeer,Acid_P1105,0.88,Acid_P1105
2233/3,Reindeer,Ambic_P1105,0.81,Ambic_P1105
2233/3,Reindeer,Acid_P1105,0.83,Acid_P1105
2233/4,Reindeer,Ambic_P1105,0.81,Ambic_P1105
2233/4,Reindeer,Acid_P1105,0.86,Acid_P1105
2233/5,Reindeer,Ambic_P1105,0.83,Ambic_P1105
2233/5,Reindeer,Acid_P1105,0.93,Acid_P1105
2250,Reindeer,Ambic_P1105,0.77,Ambic_P1105
2250,Reindeer,Acid_P1105,0.84,Acid_P1105
1148,Reindeer,Ambic_P1105,NA,Ambic_P1105
1148,Reindeer,Acid_P1105,NA,Acid_P1105
6201,Reindeer,Ambic_P1105,0.79,Ambic_P1105
6201,Reindeer,Acid_P1105,0.88,Acid_P1105
485/1,Reindeer,Ambic_P1105,NA,Ambic_P1105
485/1,Reindeer,Acid_P1105,NA,Acid_P1105
485/2,Reindeer,Ambic_P1105,NA,Ambic_P1105
485/2,Reindeer,Acid_P1105,0.83,Acid_P1105
5168/1,Equidae,Ambic_P1105,0.79,Ambic_P1105
5168/1,Equidae,Acid_P1105,0.89,Acid_P1105
5168/2,Elephantidae,Ambic_P1105,0.83,Ambic_P1105
5168/2,Elephantidae,Acid_P1105,0.92,Acid_P1105
6496/2,Bos/Bison,Ambic_P1105,0.82,Ambic_P1105
6496/2,Bos/Bison,Acid_P1105,0.88,Acid_P1105
6377,Bos/Bison,Ambic_P1105,0.83,Ambic_P1105
6377,Bos/Bison,Acid_P1105,NA,Acid_P1105
1131,Equidae,Ambic_P1105,NA,Ambic_P1105
1131,Equidae,Acid_P1105,0.77,Acid_P1105
6786/1,Reindeer,Ambic_P1105,0.78,Ambic_P1105
6786/1,Reindeer,Acid_P1105,0.87,Acid_P1105
1095,Reindeer,Ambic_P1105,0.75,Ambic_P1105
1095,Reindeer,Acid_P1105,0.86,Acid_P1105
1183,Elephantidae,Ambic_P1105,0.72,Ambic_P1105
1183,Elephantidae,Acid_P1105,0.79,Acid_P1105
1128/2,Reindeer,Ambic_P1105,0.79,Ambic_P1105
1128/2,Reindeer,Acid_P1105,0.87,Acid_P1105
1229,Reindeer,Ambic_P1105,0.8,Ambic_P1105
1229,Reindeer,Acid_P1105,0.89,Acid_P1105
6417/3,Reindeer,Ambic_P1105,NA,Ambic_P1105
6417/3,Reindeer,Acid_P1105,0.72,Acid_P1105
6417/4,Reindeer,Ambic_P1105,0.67,Ambic_P1105
6417/4,Reindeer,Acid_P1105,NA,Acid_P1105
2090,Reindeer,Ambic_P1105,0.76,Ambic_P1105
2090,Reindeer,Acid_P1105,0.81,Acid_P1105
6756/2,Equidae,Ambic_P1105,NA,Ambic_P1105
6756/2,Equidae,Acid_P1105,0.83,Acid_P1105
5079/2,Reindeer,Ambic_P1105,0.8,Ambic_P1105
5079/2,Reindeer,Acid_P1105,0.92,Acid_P1105
5026/2,Reindeer,Ambic_P1105,0.74,Ambic_P1105
5026/2,Reindeer,Acid_P1105,0.86,Acid_P1105
6620,Elephantidae,Ambic_P1105,0.84,Ambic_P1105
6620,Elephantidae,Acid_P1105,0.94,Acid_P1105
6551/2,Reindeer,Ambic_P1105,0.7,Ambic_P1105
6551/2,Reindeer,Acid_P1105,NA,Acid_P1105
1710/7,Reindeer,Ambic_P1105,0.69,Ambic_P1105
1710/7,Reindeer,Acid_P1105,0.91,Acid_P1105
1711/1,Elephantidae,Ambic_P1105,0.78,Ambic_P1105
1711/1,Elephantidae,Acid_P1105,0.92,Acid_P1105
1711/2,Reindeer,Ambic_P1105,0.81,Ambic_P1105
1711/2,Reindeer,Acid_P1105,0.89,Acid_P1105
1711/3,Equidae,Ambic_P1105,0.8,Ambic_P1105
1711/3,Equidae,Acid_P1105,NA,Acid_P1105
1711/4,Reindeer,Ambic_P1105,0.69,Ambic_P1105
1711/4,Reindeer,Acid_P1105,0.8,Acid_P1105
1711/5,Reindeer,Ambic_P1105,0.79,Ambic_P1105
1711/5,Reindeer,Acid_P1105,0.82,Acid_P1105
1711/6,Reindeer,Ambic_P1105,0.81,Ambic_P1105
1711/6,Reindeer,Acid_P1105,NA,Acid_P1105
1711/7,Reindeer,Ambic_P1105,0.72,Ambic_P1105
1711/7,Reindeer,Acid_P1105,0.94,Acid_P1105
1711/8,Bos/Bison,Ambic_P1105,0.78,Ambic_P1105
1711/8,Bos/Bison,Acid_P1105,0.84,Acid_P1105
1711/9,Reindeer,Ambic_P1105,0.81,Ambic_P1105
1711/9,Reindeer,Acid_P1105,0.93,Acid_P1105
1711/10,Reindeer,Ambic_P1105,NA,Ambic_P1105
1711/10,Reindeer,Acid_P1105,0.77,Acid_P1105
1711/11,Reindeer,Ambic_P1105,0.8,Ambic_P1105
1711/11,Reindeer,Acid_P1105,0.86,Acid_P1105
1711/12,Reindeer,Ambic_P1105,0.83,Ambic_P1105
1711/12,Reindeer,Acid_P1105,0.89,Acid_P1105
1711/14,Reindeer,Ambic_P1105,0.76,Ambic_P1105
1711/14,Reindeer,Acid_P1105,0.88,Acid_P1105
1711/15,Reindeer,Ambic_P1105,0.82,Ambic_P1105
1711/15,Reindeer,Acid_P1105,0.91,Acid_P1105
1711/16,Reindeer,Ambic_P1105,NA,Ambic_P1105
1711/16,Reindeer,Acid_P1105,NA,Acid_P1105
1711/17,Reindeer,Ambic_P1105,0.76,Ambic_P1105
1711/17,Reindeer,Acid_P1105,0.89,Acid_P1105
1711/18,Equidae,Ambic_P1105,0.81,Ambic_P1105
1711/18,Equidae,Acid_P1105,0.89,Acid_P1105
1711/20,Reindeer,Ambic_P1105,0.72,Ambic_P1105
1711/20,Reindeer,Acid_P1105,0.88,Acid_P1105
1711/21,Reindeer,Ambic_P1105,0.79,Ambic_P1105
1711/21,Reindeer,Acid_P1105,0.92,Acid_P1105
1711/22,Equidae,Ambic_P1105,0.74,Ambic_P1105
1711/22,Equidae,Acid_P1105,0.88,Acid_P1105
6211/2,Reindeer,Ambic_P1105,NA,Ambic_P1105
6211/2,Reindeer,Acid_P1105,NA,Acid_P1105
2079,Reindeer,Ambic_P1105,0.77,Ambic_P1105
2079,Reindeer,Acid_P1105,0.9,Acid_P1105
1100,Reindeer,Ambic_P1105,NA,Ambic_P1105
1100,Reindeer,Acid_P1105,NA,Acid_P1105
1739/2,Reindeer,Ambic_P1105,0.77,Ambic_P1105
1739/2,Reindeer,Acid_P1105,0.82,Acid_P1105
6681,Elephantidae,Ambic_P1105,0.74,Ambic_P1105
6681,Elephantidae,Acid_P1105,0.81,Acid_P1105
1719/1,Equidae,Ambic_P1105,0.74,Ambic_P1105
1719/1,Equidae,Acid_P1105,0.87,Acid_P1105
1719/2,Elephantidae,Ambic_P1105,0.77,Ambic_P1105
1719/2,Elephantidae,Acid_P1105,0.91,Acid_P1105
1742/1,Reindeer,Ambic_P1105,NA,Ambic_P1105
1742/1,Reindeer,Acid_P1105,0.84,Acid_P1105
1742/2,Reindeer,Ambic_P1105,0.79,Ambic_P1105
1742/2,Reindeer,Acid_P1105,0.91,Acid_P1105
1742/3,Reindeer,Ambic_P1105,0.83,Ambic_P1105
1742/3,Reindeer,Acid_P1105,0.86,Acid_P1105
1742/4,Reindeer,Ambic_P1105,0.79,Ambic_P1105
1742/4,Reindeer,Acid_P1105,NA,Acid_P1105
6778/3,Reindeer,Ambic_P1105,0.82,Ambic_P1105
6778/3,Reindeer,Acid_P1105,0.87,Acid_P1105
6778/4,Reindeer,Ambic_P1105,0.79,Ambic_P1105
6778/4,Reindeer,Acid_P1105,0.89,Acid_P1105
6778/5,Bos/Bison,Ambic_P1105,NA,Ambic_P1105
6778/5,Bos/Bison,Acid_P1105,NA,Acid_P1105
6778/6,Reindeer,Ambic_P1105,0.79,Ambic_P1105
6778/6,Reindeer,Acid_P1105,0.9,Acid_P1105
6778/8,Reindeer,Ambic_P1105,0.84,Ambic_P1105
6778/8,Reindeer,Acid_P1105,NA,Acid_P1105
6778/9,Reindeer,Ambic_P1105,0.77,Ambic_P1105
6778/9,Reindeer,Acid_P1105,0.91,Acid_P1105
6751/2,Equidae,Ambic_P1105,0.78,Ambic_P1105
6751/2,Equidae,Acid_P1105,0.89,Acid_P1105
6751/3,Reindeer,Ambic_P1105,0.76,Ambic_P1105
6751/3,Reindeer,Acid_P1105,0.85,Acid_P1105
6751/4,Reindeer,Ambic_P1105,0.77,Ambic_P1105
6751/4,Reindeer,Acid_P1105,0.84,Acid_P1105
6751/5,Reindeer,Ambic_P1105,0.78,Ambic_P1105
6751/5,Reindeer,Acid_P1105,0.92,Acid_P1105
6751/6,Reindeer,Ambic_P1105,0.75,Ambic_P1105
6751/6,Reindeer,Acid_P1105,0.78,Acid_P1105
6748/11,Equidae,Ambic_P1105,0.74,Ambic_P1105
6748/11,Equidae,Acid_P1105,0.88,Acid_P1105
6748/2,Reindeer,Ambic_P1105,0.8,Ambic_P1105
6748/2,Reindeer,Acid_P1105,0.86,Acid_P1105
6748/4,Reindeer,Ambic_P1105,0.88,Ambic_P1105
6748/4,Reindeer,Acid_P1105,0.75,Acid_P1105
6748/5,Reindeer,Ambic_P1105,0.81,Ambic_P1105
6748/5,Reindeer,Acid_P1105,0.88,Acid_P1105
6748/6,Reindeer,Ambic_P1105,0.83,Ambic_P1105
6748/6,Reindeer,Acid_P1105,0.85,Acid_P1105
6491/2,Reindeer,Ambic_P1105,0.72,Ambic_P1105
6491/2,Reindeer,Acid_P1105,0.83,Acid_P1105
6491/4,Reindeer,Ambic_P1105,NA,Ambic_P1105
6491/4,Reindeer,Acid_P1105,0.67,Acid_P1105
6491/8,Reindeer,Ambic_P1105,0.79,Ambic_P1105
6491/8,Reindeer,Acid_P1105,0.82,Acid_P1105
6491/10,Reindeer,Ambic_P1105,NA,Ambic_P1105
6491/10,Reindeer,Acid_P1105,NA,Acid_P1105
6491/16,Reindeer,Ambic_P1105,0.78,Ambic_P1105
6491/16,Reindeer,Acid_P1105,0.83,Acid_P1105
6491/17,Reindeer,Ambic_P1105,0.84,Ambic_P1105
6491/17,Reindeer,Acid_P1105,0.92,Acid_P1105
6491/19,Reindeer,Ambic_P1105,NA,Ambic_P1105
6491/19,Reindeer,Acid_P1105,0.74,Acid_P1105
6491/20,Reindeer,Ambic_P1105,NA,Ambic_P1105
6491/20,Reindeer,Acid_P1105,0.88,Acid_P1105
6491/21,Reindeer,Ambic_P1105,NA,Ambic_P1105
6491/21,Reindeer,Acid_P1105,NA,Acid_P1105
6759/1,Reindeer,Ambic_P1105,0.76,Ambic_P1105
6759/1,Reindeer,Acid_P1105,0.85,Acid_P1105
6759/2,Reindeer,Ambic_P1105,0.74,Ambic_P1105
6759/2,Reindeer,Acid_P1105,0.82,Acid_P1105
6759/3,Reindeer,Ambic_P1105,0.78,Ambic_P1105
6759/3,Reindeer,Acid_P1105,0.82,Acid_P1105
6759/4,Equidae,Ambic_P1105,0.75,Ambic_P1105
6759/4,Equidae,Acid_P1105,0.87,Acid_P1105
6759/5,Reindeer,Ambic_P1105,0.81,Ambic_P1105
6759/5,Reindeer,Acid_P1105,0.87,Acid_P1105
6785/3,Reindeer,Ambic_P1105,0.77,Ambic_P1105
6785/3,Reindeer,Acid_P1105,0.86,Acid_P1105
6785/2,Elephantidae,Ambic_P1105,0.76,Ambic_P1105
6785/2,Elephantidae,Acid_P1105,0.87,Acid_P1105
1892/4,Elephantidae,Ambic_P1105,NA,Ambic_P1105
1892/4,Elephantidae,Acid_P1105,0.82,Acid_P1105
788,Reindeer,Ambic_P1105,NA,Ambic_P1105
788,Reindeer,Acid_P1105,NA,Acid_P1105
5241/2,Reindeer,Ambic_P1105,0.77,Ambic_P1105
5241/2,Reindeer,Acid_P1105,0.87,Acid_P1105
393/1,Reindeer,Ambic_P1105,0.75,Ambic_P1105
393/1,Reindeer,Acid_P1105,0.85,Acid_P1105
393/2,Reindeer,Ambic_P1105,NA,Ambic_P1105
393/2,Reindeer,Acid_P1105,0.9,Acid_P1105
6804,Reindeer,Ambic_P1105,NA,Ambic_P1105
6804,Reindeer,Acid_P1105,NA,Acid_P1105
5160,Reindeer,Ambic_P1105,NA,Ambic_P1105
5160,Reindeer,Acid_P1105,0.83,Acid_P1105
6315,Elephantidae,Ambic_P1105,NA,Ambic_P1105
6315,Elephantidae,Acid_P1105,0.78,Acid_P1105
6429/2,Reindeer,Ambic_P1105,NA,Ambic_P1105
6429/2,Reindeer,Acid_P1105,0.65,Acid_P1105
6429/3,Elephantidae,Ambic_P1105,0.7,Ambic_P1105
6429/3,Elephantidae,Acid_P1105,0.77,Acid_P1105
6356/30,Elephantidae,Ambic_P1105,0.81,Ambic_P1105
6356/30,Elephantidae,Acid_P1105,0.89,Acid_P1105
6356/1,Elephantidae,Ambic_P1105,0.79,Ambic_P1105
6356/1,Elephantidae,Acid_P1105,0.79,Acid_P1105
6356/2,Equidae,Ambic_P1105,0.78,Ambic_P1105
6356/2,Equidae,Acid_P1105,0.86,Acid_P1105
6356/3,Reindeer,Ambic_P1105,0.79,Ambic_P1105
6356/3,Reindeer,Acid_P1105,0.88,Acid_P1105
6356/4,Reindeer,Ambic_P1105,NA,Ambic_P1105
6356/4,Reindeer,Acid_P1105,0.85,Acid_P1105
6356/5,Elephantidae,Ambic_P1105,NA,Ambic_P1105
6356/5,Elephantidae,Acid_P1105,NA,Acid_P1105
6356/6,Reindeer,Ambic_P1105,0.81,Ambic_P1105
6356/6,Reindeer,Acid_P1105,0.85,Acid_P1105
6356/7,Reindeer,Ambic_P1105,NA,Ambic_P1105
6356/7,Reindeer,Acid_P1105,0.83,Acid_P1105
6356/8,Reindeer,Ambic_P1105,0.68,Ambic_P1105
6356/8,Reindeer,Acid_P1105,0.76,Acid_P1105
6356/9,Reindeer,Ambic_P1105,NA,Ambic_P1105
6356/9,Reindeer,Acid_P1105,0.82,Acid_P1105
6106,Reindeer,Ambic_P1105,NA,Ambic_P1105
6106,Reindeer,Acid_P1105,0.83,Acid_P1105
6340/2,Reindeer,Ambic_P1105,NA,Ambic_P1105
6340/2,Reindeer,Acid_P1105,0.81,Acid_P1105
1806,Elephantidae,Ambic_P1105,0.79,Ambic_P1105
1806,Elephantidae,Acid_P1105,0.93,Acid_P1105
6803/2,Reindeer,Ambic_P1105,0.72,Ambic_P1105
6803/2,Reindeer,Acid_P1105,0.76,Acid_P1105
1723/1,Reindeer,Ambic_P1105,NA,Ambic_P1105
1723/1,Reindeer,Acid_P1105,NA,Acid_P1105
1723/2,Equidae,Ambic_P1105,0.77,Ambic_P1105
1723/2,Equidae,Acid_P1105,0.85,Acid_P1105
1723/3,Reindeer,Ambic_P1105,0.76,Ambic_P1105
1723/3,Reindeer,Acid_P1105,0.85,Acid_P1105
1723/4,Reindeer,Ambic_P1105,0.76,Ambic_P1105
1723/4,Reindeer,Acid_P1105,0.88,Acid_P1105
1723/5,Reindeer,Ambic_P1105,0.79,Ambic_P1105
1723/5,Reindeer,Acid_P1105,0.83,Acid_P1105
1723/6,Reindeer,Ambic_P1105,0.73,Ambic_P1105
1723/6,Reindeer,Acid_P1105,0.87,Acid_P1105
1723/8,Reindeer,Ambic_P1105,0.78,Ambic_P1105
1723/8,Reindeer,Acid_P1105,0.91,Acid_P1105
1723/9,Equidae,Ambic_P1105,0.78,Ambic_P1105
1723/9,Equidae,Acid_P1105,0.84,Acid_P1105
1723/10,Elephantidae,Ambic_P1105,NA,Ambic_P1105
1723/10,Elephantidae,Acid_P1105,NA,Acid_P1105
1723/11,Reindeer,Ambic_P1105,0.77,Ambic_P1105
1723/11,Reindeer,Acid_P1105,0.84,Acid_P1105
1723/12,Reindeer,Ambic_P1105,0.74,Ambic_P1105
1723/12,Reindeer,Acid_P1105,0.84,Acid_P1105
1723/13,Reindeer,Ambic_P1105,0.79,Ambic_P1105
1723/13,Reindeer,Acid_P1105,0.86,Acid_P1105
1723/14,Reindeer,Ambic_P1105,0.77,Ambic_P1105
1723/14,Reindeer,Acid_P1105,0.83,Acid_P1105
1723/16,Reindeer,Ambic_P1105,0.74,Ambic_P1105
1723/16,Reindeer,Acid_P1105,0.84,Acid_P1105
1723/17,Equidae,Ambic_P1105,0.74,Ambic_P1105
1723/17,Equidae,Acid_P1105,0.85,Acid_P1105
1723/18,Reindeer,Ambic_P1105,0.74,Ambic_P1105
1723/18,Reindeer,Acid_P1105,0.81,Acid_P1105
1723/19,Reindeer,Ambic_P1105,0.75,Ambic_P1105
1723/19,Reindeer,Acid_P1105,NA,Acid_P1105
1723/20,Elephantidae,Ambic_P1105,0.75,Ambic_P1105
1723/20,Elephantidae,Acid_P1105,0.89,Acid_P1105
1723/21,Reindeer,Ambic_P1105,0.78,Ambic_P1105
1723/21,Reindeer,Acid_P1105,NA,Acid_P1105
1461/1,Reindeer,Ambic_P1105,0.69,Ambic_P1105
1461/1,Reindeer,Acid_P1105,0.74,Acid_P1105
1461/2,Reindeer,Ambic_P1105,0.74,Ambic_P1105
1461/2,Reindeer,Acid_P1105,NA,Acid_P1105
1461,Elephantidae,Ambic_P1105,0.74,Ambic_P1105
1461,Elephantidae,Acid_P1105,0.73,Acid_P1105
914,Reindeer,Ambic_P1105,NA,Ambic_P1105
914,Reindeer,Acid_P1105,0.9,Acid_P1105
6162/3,Reindeer,Ambic_P1105,NA,Ambic_P1105
6162/3,Reindeer,Acid_P1105,NA,Acid_P1105
5557,Reindeer,Ambic_P1105,0.76,Ambic_P1105
5557,Reindeer,Acid_P1105,0.87,Acid_P1105
5487,Equidae,Ambic_P1105,0.73,Ambic_P1105
5487,Equidae,Acid_P1105,0.83,Acid_P1105
1626/2,Reindeer,Ambic_P1105,NA,Ambic_P1105
1626/2,Reindeer,Acid_P1105,0.87,Acid_P1105
5859,Reindeer,Ambic_P1105,0.87,Ambic_P1105
5859,Reindeer,Acid_P1105,NA,Acid_P1105
6236/1,Reindeer,Ambic_P1105,NA,Ambic_P1105
6236/1,Reindeer,Acid_P1105,0.78,Acid_P1105
6236/2,Reindeer,Ambic_P1105,NA,Ambic_P1105
6236/2,Reindeer,Acid_P1105,0.64,Acid_P1105
6236/3,Reindeer,Ambic_P1105,0.73,Ambic_P1105
6236/3,Reindeer,Acid_P1105,0.92,Acid_P1105
6236/4,Reindeer,Ambic_P1105,NA,Ambic_P1105
6236/4,Reindeer,Acid_P1105,0.79,Acid_P1105
1444,Reindeer,Ambic_P1105,0.74,Ambic_P1105
1444,Reindeer,Acid_P1105,0.87,Acid_P1105
1398,Reindeer,Ambic_P1105,0.76,Ambic_P1105
1398,Reindeer,Acid_P1105,0.89,Acid_P1105
1717/1,Reindeer,Ambic_P1105,0.74,Ambic_P1105
1717/1,Reindeer,Acid_P1105,0.89,Acid_P1105
1717/2,Reindeer,Ambic_P1105,0.77,Ambic_P1105
1717/2,Reindeer,Acid_P1105,0.79,Acid_P1105
1717/3,Reindeer,Ambic_P1105,0.78,Ambic_P1105
1717/3,Reindeer,Acid_P1105,0.9,Acid_P1105
1717/4,Reindeer,Ambic_P1105,0.75,Ambic_P1105
1717/4,Reindeer,Acid_P1105,0.85,Acid_P1105
1717/5,Reindeer,Ambic_P1105,NA,Ambic_P1105
1717/5,Reindeer,Acid_P1105,NA,Acid_P1105
1717/6,Reindeer,Ambic_P1105,0.79,Ambic_P1105
1717/6,Reindeer,Acid_P1105,0.87,Acid_P1105
1717/7,Reindeer,Ambic_P1105,0.74,Ambic_P1105
1717/7,Reindeer,Acid_P1105,0.85,Acid_P1105
1717/8,Reindeer,Ambic_P1105,NA,Ambic_P1105
1717/8,Reindeer,Acid_P1105,NA,Acid_P1105
1717/9,Reindeer,Ambic_P1105,0.72,Ambic_P1105
1717/9,Reindeer,Acid_P1105,0.86,Acid_P1105
1717/10,Reindeer,Ambic_P1105,NA,Ambic_P1105
1717/10,Reindeer,Acid_P1105,0.81,Acid_P1105
1717/11,Reindeer,Ambic_P1105,0.78,Ambic_P1105
1717/11,Reindeer,Acid_P1105,0.87,Acid_P1105
1717/12,Reindeer,Ambic_P1105,0.77,Ambic_P1105
1717/12,Reindeer,Acid_P1105,0.84,Acid_P1105
1717/13,Reindeer,Ambic_P1105,0.74,Ambic_P1105
1717/13,Reindeer,Acid_P1105,0.83,Acid_P1105
1717/14,Reindeer,Ambic_P1105,0.77,Ambic_P1105
1717/14,Reindeer,Acid_P1105,0.93,Acid_P1105
1717/15,Elephantidae,Ambic_P1105,NA,Ambic_P1105
1717/15,Elephantidae,Acid_P1105,0.86,Acid_P1105
1717/16,Reindeer,Ambic_P1105,0.79,Ambic_P1105
1717/16,Reindeer,Acid_P1105,0.89,Acid_P1105
1717/17,Reindeer,Ambic_P1105,0.75,Ambic_P1105
1717/17,Reindeer,Acid_P1105,0.94,Acid_P1105
1717/18,Reindeer,Ambic_P1105,NA,Ambic_P1105
1717/18,Reindeer,Acid_P1105,0.84,Acid_P1105
1717/19,Reindeer,Ambic_P1105,NA,Ambic_P1105
1717/19,Reindeer,Acid_P1105,0.82,Acid_P1105
1717/20,Reindeer,Ambic_P1105,0.7,Ambic_P1105
1717/20,Reindeer,Acid_P1105,0.91,Acid_P1105
1717/21,Bos/Bison,Ambic_P1105,0.75,Ambic_P1105
1717/21,Bos/Bison,Acid_P1105,0.84,Acid_P1105
1717/22,Reindeer,Ambic_P1105,0.69,Ambic_P1105
1717/22,Reindeer,Acid_P1105,0.87,Acid_P1105
1717/23,Reindeer,Ambic_P1105,0.79,Ambic_P1105
1717/23,Reindeer,Acid_P1105,0.85,Acid_P1105
1717/24,Reindeer,Ambic_P1105,0.74,Ambic_P1105
1717/24,Reindeer,Acid_P1105,0.92,Acid_P1105
1717/25,Reindeer,Ambic_P1105,0.72,Ambic_P1105
1717/25,Reindeer,Acid_P1105,0.86,Acid_P1105
1717/26,Reindeer,Ambic_P1105,0.69,Ambic_P1105
1717/26,Reindeer,Acid_P1105,0.88,Acid_P1105
1717/27,Reindeer,Ambic_P1105,0.79,Ambic_P1105
1717/27,Reindeer,Acid_P1105,0.9,Acid_P1105
1717/28,Reindeer,Ambic_P1105,NA,Ambic_P1105
1717/28,Reindeer,Acid_P1105,0.71,Acid_P1105
911,Reindeer,Ambic_P1105,0.71,Ambic_P1105
911,Reindeer,Acid_P1105,0.82,Acid_P1105
558/2,Reindeer,Ambic_P1105,NA,Ambic_P1105
558/2,Reindeer,Acid_P1105,0.83,Acid_P1105
5668,Reindeer,Ambic_P1105,0.78,Ambic_P1105
5668,Reindeer,Acid_P1105,0.88,Acid_P1105
5052,Bos/Bison,Ambic_P1105,NA,Ambic_P1105
5052,Bos/Bison,Acid_P1105,0.83,Acid_P1105
5022/3,Equidae,Ambic_P1105,0.73,Ambic_P1105
5022/3,Equidae,Acid_P1105,0.82,Acid_P1105
5500/3,Reindeer,Ambic_P1105,NA,Ambic_P1105
5500/3,Reindeer,Acid_P1105,0.89,Acid_P1105
5219,Equidae,Ambic_P1105,0.66,Ambic_P1105
5219,Equidae,Acid_P1105,0.85,Acid_P1105
1488,Reindeer,Ambic_P1105,0.72,Ambic_P1105
1488,Reindeer,Acid_P1105,0.76,Acid_P1105
303/1,Equidae,Ambic_P1105,NA,Ambic_P1105
303/1,Equidae,Acid_P1105,NA,Acid_P1105
303/2,Reindeer,Ambic_P1105,0.74,Ambic_P1105
303/2,Reindeer,Acid_P1105,0.92,Acid_P1105
6487/1,Reindeer,Ambic_P1105,NA,Ambic_P1105
6487/1,Reindeer,Acid_P1105,NA,Acid_P1105
6487/3,Reindeer,Ambic_P1105,NA,Ambic_P1105
6487/3,Reindeer,Acid_P1105,0.85,Acid_P1105
6487/4,Elephantidae,Ambic_P1105,NA,Ambic_P1105
6487/4,Elephantidae,Acid_P1105,0.64,Acid_P1105
5165,Reindeer,Ambic_P1105,NA,Ambic_P1105
5165,Reindeer,Acid_P1105,NA,Acid_P1105
1623,Elephantidae,Ambic_P1105,NA,Ambic_P1105
1623,Elephantidae,Acid_P1105,0.89,Acid_P1105
1684/1,Elephantidae,Ambic_P1105,NA,Ambic_P1105
1684/1,Elephantidae,Acid_P1105,0.74,Acid_P1105
1684/2,Reindeer,Ambic_P1105,0.75,Ambic_P1105
1684/2,Reindeer,Acid_P1105,0.88,Acid_P1105
1684/3,Elephantidae,Ambic_P1105,NA,Ambic_P1105
1684/3,Elephantidae,Acid_P1105,NA,Acid_P1105
1684/4,Reindeer,Ambic_P1105,0.8,Ambic_P1105
1684/4,Reindeer,Acid_P1105,0.9,Acid_P1105
1684/5,Reindeer,Ambic_P1105,0.77,Ambic_P1105
1684/5,Reindeer,Acid_P1105,0.85,Acid_P1105
1684/6,Reindeer,Ambic_P1105,0.72,Ambic_P1105
1684/6,Reindeer,Acid_P1105,0.81,Acid_P1105
1684/7,Bos/Bison,Ambic_P1105,NA,Ambic_P1105
1684/7,Bos/Bison,Acid_P1105,0.83,Acid_P1105
1684/8,Reindeer,Ambic_P1105,0.81,Ambic_P1105
1684/8,Reindeer,Acid_P1105,0.87,Acid_P1105
6439/1,Reindeer,Ambic_P1105,0.8,Ambic_P1105
6439/1,Reindeer,Acid_P1105,0.89,Acid_P1105
6439/2,Elephantidae,Ambic_P1105,0.76,Ambic_P1105
6439/2,Elephantidae,Acid_P1105,0.92,Acid_P1105
6439/3,Elephantidae,Ambic_P1105,0.67,Ambic_P1105
6439/3,Elephantidae,Acid_P1105,0.86,Acid_P1105
931,Reindeer,Ambic_P1105,NA,Ambic_P1105
931,Reindeer,Acid_P1105,0.82,Acid_P1105
6437,Reindeer,Ambic_P1105,0.75,Ambic_P1105
6437,Reindeer,Acid_P1105,0.79,Acid_P1105
828,Reindeer,Ambic_P1105,0.8,Ambic_P1105
828,Reindeer,Acid_P1105,0.88,Acid_P1105
6793,Reindeer,Ambic_P1105,0.81,Ambic_P1105
6793,Reindeer,Acid_P1105,0.95,Acid_P1105
810,Reindeer,Ambic_P1105,0.73,Ambic_P1105
810,Reindeer,Acid_P1105,0.88,Acid_P1105
5217/1,Reindeer,Ambic_P1105,0.69,Ambic_P1105
5217/1,Reindeer,Acid_P1105,0.82,Acid_P1105
5217/2,Reindeer,Ambic_P1105,0.67,Ambic_P1105
5217/2,Reindeer,Acid_P1105,0.77,Acid_P1105
1774,Elephantidae,Ambic_P1105,0.72,Ambic_P1105
1774,Elephantidae,Acid_P1105,0.84,Acid_P1105
5770,Reindeer,Ambic_P1105,NA,Ambic_P1105
5770,Reindeer,Acid_P1105,0.82,Acid_P1105
808,Reindeer,Ambic_P1105,0.75,Ambic_P1105
808,Reindeer,Acid_P1105,0.87,Acid_P1105
821,Reindeer,Ambic_P1105,0.75,Ambic_P1105
821,Reindeer,Acid_P1105,0.83,Acid_P1105
785,Reindeer,Ambic_P1105,0.62,Ambic_P1105
785,Reindeer,Acid_P1105,0.77,Acid_P1105
796,Reindeer,Ambic_P1105,NA,Ambic_P1105
796,Reindeer,Acid_P1105,0.84,Acid_P1105
5699,Reindeer,Ambic_P1105,0.78,Ambic_P1105
5699,Reindeer,Acid_P1105,0.86,Acid_P1105
857/1,Reindeer,Ambic_P1105,0.77,Ambic_P1105
857/1,Reindeer,Acid_P1105,0.83,Acid_P1105
857/2,Reindeer,Ambic_P1105,NA,Ambic_P1105
857/2,Reindeer,Acid_P1105,NA,Acid_P1105
5780,Equidae,Ambic_P1105,NA,Ambic_P1105
5780,Equidae,Acid_P1105,NA,Acid_P1105
239/2,Reindeer,Ambic_P1105,0.72,Ambic_P1105
239/2,Reindeer,Acid_P1105,0.88,Acid_P1105
5723,Reindeer,Ambic_P1105,NA,Ambic_P1105
5723,Reindeer,Acid_P1105,NA,Acid_P1105
6149,Reindeer,Ambic_P1105,NA,Ambic_P1105
6149,Reindeer,Acid_P1105,NA,Acid_P1105
1487,Reindeer,Ambic_P1105,0.82,Ambic_P1105
1487,Reindeer,Acid_P1105,0.86,Acid_P1105
5882/6,Reindeer,Ambic_P1105,NA,Ambic_P1105
5882/6,Reindeer,Acid_P1105,0.87,Acid_P1105
5882/7,Reindeer,Ambic_P1105,NA,Ambic_P1105
5882/7,Reindeer,Acid_P1105,0.75,Acid_P1105
467,Reindeer,Ambic_P1105,0.79,Ambic_P1105
467,Reindeer,Acid_P1105,0.85,Acid_P1105
6126,Reindeer,Ambic_P1105,0.76,Ambic_P1105
6126,Reindeer,Acid_P1105,0.9,Acid_P1105
6194/1,Reindeer,Ambic_P1105,NA,Ambic_P1105
6194/1,Reindeer,Acid_P1105,0.84,Acid_P1105
6194/9,Reindeer,Ambic_P1105,NA,Ambic_P1105
6194/9,Reindeer,Acid_P1105,NA,Acid_P1105
6194/11,Reindeer,Ambic_P1105,NA,Ambic_P1105
6194/11,Reindeer,Acid_P1105,0.77,Acid_P1105
1678/1,Reindeer,Ambic_P1105,0.79,Ambic_P1105
1678/1,Reindeer,Acid_P1105,0.91,Acid_P1105
1678/2,Equidae,Ambic_P1105,0.7,Ambic_P1105
1678/2,Equidae,Acid_P1105,0.87,Acid_P1105
1678/3,Equidae,Ambic_P1105,0.76,Ambic_P1105
1678/3,Equidae,Acid_P1105,0.95,Acid_P1105
1678/4,Reindeer,Ambic_P1105,0.73,Ambic_P1105
1678/4,Reindeer,Acid_P1105,0.88,Acid_P1105
892,Reindeer,Ambic_P1105,0.8,Ambic_P1105
892,Reindeer,Acid_P1105,0.87,Acid_P1105
2280/2a,Reindeer,Ambic_P1105,0.74,Ambic_P1105
2280/2a,Reindeer,Acid_P1105,0.85,Acid_P1105
1392/3,Equidae,Ambic_P1105,0.82,Ambic_P1105
1392/3,Equidae,Acid_P1105,0.89,Acid_P1105
1568,Reindeer,Ambic_P1105,0.75,Ambic_P1105
1568,Reindeer,Acid_P1105,0.81,Acid_P1105
6614,Reindeer,Ambic_P1105,0.77,Ambic_P1105
6614,Reindeer,Acid_P1105,0.86,Acid_P1105
1502/1,Reindeer,Ambic_P1105,0.81,Ambic_P1105
1502/1,Reindeer,Acid_P1105,0.84,Acid_P1105
1502/2,Reindeer,Ambic_P1105,NA,Ambic_P1105
1502/2,Reindeer,Acid_P1105,0.73,Acid_P1105
1502/3,Elephantidae,Ambic_P1105,0.79,Ambic_P1105
1502/3,Elephantidae,Acid_P1105,0.9,Acid_P1105
1502/4,Equidae,Ambic_P1105,NA,Ambic_P1105
1502/4,Equidae,Acid_P1105,NA,Acid_P1105
5636,Reindeer,Ambic_P1105,NA,Ambic_P1105
5636,Reindeer,Acid_P1105,0.76,Acid_P1105
6432,Elephantidae,Ambic_P1105,NA,Ambic_P1105
6432,Elephantidae,Acid_P1105,0.85,Acid_P1105
5425/1,Reindeer,Ambic_P1105,NA,Ambic_P1105
5425/1,Reindeer,Acid_P1105,0.83,Acid_P1105
5425/2,Reindeer,Ambic_P1105,NA,Ambic_P1105
5425/2,Reindeer,Acid_P1105,0.83,Acid_P1105
5631,Reindeer,Ambic_P1105,NA,Ambic_P1105
5631,Reindeer,Acid_P1105,0.86,Acid_P1105
531,Reindeer,Ambic_P1105,0.77,Ambic_P1105
531,Reindeer,Acid_P1105,0.87,Acid_P1105
756,Reindeer,Ambic_P1105,0.81,Ambic_P1105
756,Reindeer,Acid_P1105,0.89,Acid_P1105
5650,Reindeer,Ambic_P1105,0.83,Ambic_P1105
5650,Reindeer,Acid_P1105,0.87,Acid_P1105
5442,Reindeer,Ambic_P1105,0.76,Ambic_P1105
5442,Reindeer,Acid_P1105,0.86,Acid_P1105
5422,Equidae,Ambic_P1105,0.72,Ambic_P1105
5422,Equidae,Acid_P1105,0.8,Acid_P1105
5423,Reindeer,Ambic_P1105,0.79,Ambic_P1105
5423,Reindeer,Acid_P1105,0.91,Acid_P1105
5389,Reindeer,Ambic_P1105,0.75,Ambic_P1105
5389,Reindeer,Acid_P1105,0.84,Acid_P1105
5396,Reindeer,Ambic_P1105,0.65,Ambic_P1105
5396,Reindeer,Acid_P1105,0.82,Acid_P1105
5452,Reindeer,Ambic_P1105,NA,Ambic_P1105
5452,Reindeer,Acid_P1105,0.83,Acid_P1105
5454,Reindeer,Ambic_P1105,NA,Ambic_P1105
5454,Reindeer,Acid_P1105,0.81,Acid_P1105
5458,Reindeer,Ambic_P1105,0.8,Ambic_P1105
5458,Reindeer,Acid_P1105,0.84,Acid_P1105
5450,Reindeer,Ambic_P1105,NA,Ambic_P1105
5450,Reindeer,Acid_P1105,0.69,Acid_P1105
5453,Reindeer,Ambic_P1105,0.77,Ambic_P1105
5453,Reindeer,Acid_P1105,0.88,Acid_P1105
682,Reindeer,Ambic_P1105,0.77,Ambic_P1105
682,Reindeer,Acid_P1105,0.86,Acid_P1105
5375,Equidae,Ambic_P1105,NA,Ambic_P1105
5375,Equidae,Acid_P1105,NA,Acid_P1105
5503,Bos/Bison,Ambic_P1105,NA,Ambic_P1105
5503,Bos/Bison,Acid_P1105,0.87,Acid_P1105
5400,Reindeer,Ambic_P1105,0.7,Ambic_P1105
5400,Reindeer,Acid_P1105,0.8,Acid_P1105
5361,Reindeer,Ambic_P1105,NA,Ambic_P1105
5361,Reindeer,Acid_P1105,NA,Acid_P1105
5657,Elephantidae,Ambic_P1105,NA,Ambic_P1105
5657,Elephantidae,Acid_P1105,NA,Acid_P1105
5354,Reindeer,Ambic_P1105,0.74,Ambic_P1105
5354,Reindeer,Acid_P1105,0.8,Acid_P1105
5358,Reindeer,Ambic_P1105,NA,Ambic_P1105
5358,Reindeer,Acid_P1105,0.83,Acid_P1105
5357,Bos/Bison,Ambic_P1105,0.68,Ambic_P1105
5357,Bos/Bison,Acid_P1105,0.82,Acid_P1105
5377,Bos/Bison,Ambic_P1105,0.7,Ambic_P1105
5377,Bos/Bison,Acid_P1105,0.87,Acid_P1105
6414/2,Reindeer,Ambic_P1105,NA,Ambic_P1105
6414/2,Reindeer,Acid_P1105,0.88,Acid_P1105
1622,Elephantidae,Ambic_P1105,NA,Ambic_P1105
1622,Elephantidae,Acid_P1105,NA,Acid_P1105
5995/2,Equidae,Ambic_P1105,0.66,Ambic_P1105
5995/2,Equidae,Acid_P1105,0.72,Acid_P1105
5763,Reindeer,Ambic_P1105,0.66,Ambic_P1105
5763,Reindeer,Acid_P1105,0.73,Acid_P1105
822,Reindeer,Ambic_P1105,0.79,Ambic_P1105
822,Reindeer,Acid_P1105,0.83,Acid_P1105
6388/2,Reindeer,Ambic_P1105,NA,Ambic_P1105
6388/2,Reindeer,Acid_P1105,NA,Acid_P1105
5686,Reindeer,Ambic_P1105,0.77,Ambic_P1105
5686,Reindeer,Acid_P1105,0.76,Acid_P1105
891,Reindeer,Ambic_P1105,0.83,Ambic_P1105
891,Reindeer,Acid_P1105,0.84,Acid_P1105
824,Reindeer,Ambic_P1105,0.79,Ambic_P1105
824,Reindeer,Acid_P1105,0.8,Acid_P1105
1579,Equidae,Ambic_P1105,0.75,Ambic_P1105
1579,Equidae,Acid_P1105,0.81,Acid_P1105
979/4,Reindeer,Ambic_P1105,0.81,Ambic_P1105
979/4,Reindeer,Acid_P1105,0.83,Acid_P1105
5555,Reindeer,Ambic_P1105,0.82,Ambic_P1105
5555,Reindeer,Acid_P1105,0.84,Acid_P1105
1561,Reindeer,Ambic_P1105,0.8,Ambic_P1105
1561,Reindeer,Acid_P1105,0.92,Acid_P1105
778/1,Reindeer,Ambic_P1105,0.82,Ambic_P1105
778/1,Reindeer,Acid_P1105,0.89,Acid_P1105
778/2,Reindeer,Ambic_P1105,0.8,Ambic_P1105
778/2,Reindeer,Acid_P1105,0.91,Acid_P1105
6180/1,Reindeer,Ambic_P1105,0.7,Ambic_P1105
6180/1,Reindeer,Acid_P1105,0.76,Acid_P1105
6180/3,Reindeer,Ambic_P1105,0.75,Ambic_P1105
6180/3,Reindeer,Acid_P1105,0.83,Acid_P1105
1446,Reindeer,Ambic_P1105,0.77,Ambic_P1105
1446,Reindeer,Acid_P1105,0.89,Acid_P1105
6745/1,Elephantidae,Ambic_P1105,NA,Ambic_P1105
6745/1,Elephantidae,Acid_P1105,0.71,Acid_P1105
6745/2,Elephantidae,Ambic_P1105,NA,Ambic_P1105
6745/2,Elephantidae,Acid_P1105,0.89,Acid_P1105
6745/3,Elephantidae,Ambic_P1105,0.77,Ambic_P1105
6745/3,Elephantidae,Acid_P1105,0.85,Acid_P1105
6745/4,Elephantidae,Ambic_P1105,NA,Ambic_P1105
6745/4,Elephantidae,Acid_P1105,0.83,Acid_P1105
6745/6,Elephantidae,Ambic_P1105,NA,Ambic_P1105
6745/6,Elephantidae,Acid_P1105,NA,Acid_P1105
6745/7,Reindeer,Ambic_P1105,0.77,Ambic_P1105
6745/7,Reindeer,Acid_P1105,0.94,Acid_P1105
6745/8,Equidae,Ambic_P1105,NA,Ambic_P1105
6745/8,Equidae,Acid_P1105,NA,Acid_P1105
6745/9,Equidae,Ambic_P1105,0.61,Ambic_P1105
6745/9,Equidae,Acid_P1105,0.71,Acid_P1105
5340,Equidae,Ambic_P1105,0.79,Ambic_P1105
5340,Equidae,Acid_P1105,0.88,Acid_P1105
834,Reindeer,Ambic_P1105,0.79,Ambic_P1105
834,Reindeer,Acid_P1105,NA,Acid_P1105
89/1,Elephantidae,Ambic_P1105,0.8,Ambic_P1105
89/1,Elephantidae,Acid_P1105,NA,Acid_P1105
89/2,Elephantidae,Ambic_P1105,NA,Ambic_P1105
89/2,Elephantidae,Acid_P1105,0.95,Acid_P1105
89/3,Reindeer,Ambic_P1105,0.83,Ambic_P1105
89/3,Reindeer,Acid_P1105,0.88,Acid_P1105
5327,Reindeer,Ambic_P1105,0.81,Ambic_P1105
5327,Reindeer,Acid_P1105,0.87,Acid_P1105
5332,Reindeer,Ambic_P1105,0.76,Ambic_P1105
5332,Reindeer,Acid_P1105,0.87,Acid_P1105
5347,Reindeer,Ambic_P1105,0.74,Ambic_P1105
5347,Reindeer,Acid_P1105,0.84,Acid_P1105
5342/1,Reindeer,Ambic_P1105,0.78,Ambic_P1105
5342/1,Reindeer,Acid_P1105,NA,Acid_P1105
5342/2,Reindeer,Ambic_P1105,0.77,Ambic_P1105
5342/2,Reindeer,Acid_P1105,0.89,Acid_P1105
5240/2,Equidae,Ambic_P1105,NA,Ambic_P1105
5240/2,Equidae,Acid_P1105,0.79,Acid_P1105
5240/3,Reindeer,Ambic_P1105,NA,Ambic_P1105
5240/3,Reindeer,Acid_P1105,NA,Acid_P1105
5099,Reindeer,Ambic_P1105,0.79,Ambic_P1105
5099,Reindeer,Acid_P1105,0.94,Acid_P1105
542/1,Reindeer,Ambic_P1105,0.71,Ambic_P1105
542/1,Reindeer,Acid_P1105,0.9,Acid_P1105
5593/1,Reindeer,Ambic_P1105,0.79,Ambic_P1105
5593/1,Reindeer,Acid_P1105,0.95,Acid_P1105
5593/2,Reindeer,Ambic_P1105,NA,Ambic_P1105
5593/2,Reindeer,Acid_P1105,0.9,Acid_P1105
5593/3,Reindeer,Ambic_P1105,NA,Ambic_P1105
5593/3,Reindeer,Acid_P1105,0.84,Acid_P1105
5593/4,Reindeer,Ambic_P1105,NA,Ambic_P1105
5593/4,Reindeer,Acid_P1105,0.83,Acid_P1105
5593/5,Reindeer,Ambic_P1105,NA,Ambic_P1105
5593/5,Reindeer,Acid_P1105,0.86,Acid_P1105
5593/6,Reindeer,Ambic_P1105,NA,Ambic_P1105
5593/6,Reindeer,Acid_P1105,0.88,Acid_P1105
5593/7,Reindeer,Ambic_P1105,NA,Ambic_P1105
5593/7,Reindeer,Acid_P1105,0.95,Acid_P1105
5593/8,Reindeer,Ambic_P1105,NA,Ambic_P1105
5593/8,Reindeer,Acid_P1105,NA,Acid_P1105
5593/9,Reindeer,Ambic_P1105,NA,Ambic_P1105
5593/9,Reindeer,Acid_P1105,0.87,Acid_P1105
5593/10,Reindeer,Ambic_P1105,0.8,Ambic_P1105
5593/10,Reindeer,Acid_P1105,NA,Acid_P1105
5593/11,Reindeer,Ambic_P1105,0.81,Ambic_P1105
5593/11,Reindeer,Acid_P1105,0.93,Acid_P1105
5593/12,Reindeer,Ambic_P1105,0.78,Ambic_P1105
5593/12,Reindeer,Acid_P1105,NA,Acid_P1105
5593/13,Reindeer,Ambic_P1105,0.77,Ambic_P1105
5593/13,Reindeer,Acid_P1105,0.9,Acid_P1105
5593/14,Reindeer,Ambic_P1105,0.8,Ambic_P1105
5593/14,Reindeer,Acid_P1105,NA,Acid_P1105
5621,Elephantidae,Ambic_P1105,0.79,Ambic_P1105
5621,Elephantidae,Acid_P1105,NA,Acid_P1105
1680/1,Reindeer,Ambic_P1105,0.78,Ambic_P1105
1680/1,Reindeer,Acid_P1105,0.85,Acid_P1105
1680/2,Reindeer,Ambic_P1105,0.78,Ambic_P1105
1680/2,Reindeer,Acid_P1105,NA,Acid_P1105
1680/4,Equidae,Ambic_P1105,0.72,Ambic_P1105
1680/4,Equidae,Acid_P1105,0.9,Acid_P1105
1680/5,Reindeer,Ambic_P1105,0.82,Ambic_P1105
1680/5,Reindeer,Acid_P1105,0.87,Acid_P1105
1680/6,Reindeer,Ambic_P1105,0.73,Ambic_P1105
1680/6,Reindeer,Acid_P1105,0.82,Acid_P1105
1680/7,Reindeer,Ambic_P1105,0.77,Ambic_P1105
1680/7,Reindeer,Acid_P1105,0.85,Acid_P1105
1680/8,Reindeer,Ambic_P1105,0.76,Ambic_P1105
1680/8,Reindeer,Acid_P1105,NA,Acid_P1105
1680/9,Reindeer,Ambic_P1105,0.82,Ambic_P1105
1680/9,Reindeer,Acid_P1105,0.84,Acid_P1105
1680/12,Reindeer,Ambic_P1105,0.81,Ambic_P1105
1680/12,Reindeer,Acid_P1105,0.88,Acid_P1105
1680/13,Reindeer,Ambic_P1105,0.79,Ambic_P1105
1680/13,Reindeer,Acid_P1105,0.84,Acid_P1105
1680/14,Reindeer,Ambic_P1105,0.77,Ambic_P1105
1680/14,Reindeer,Acid_P1105,0.87,Acid_P1105
1680/15,Reindeer,Ambic_P1105,NA,Ambic_P1105
1680/15,Reindeer,Acid_P1105,0.8,Acid_P1105
1680/16,Reindeer,Ambic_P1105,0.8,Ambic_P1105
1680/16,Reindeer,Acid_P1105,0.82,Acid_P1105
1680/18,Reindeer,Ambic_P1105,NA,Ambic_P1105
1680/18,Reindeer,Acid_P1105,0.72,Acid_P1105
1680/19,Reindeer,Ambic_P1105,0.83,Ambic_P1105
1680/19,Reindeer,Acid_P1105,0.85,Acid_P1105
1680/20,Equidae,Ambic_P1105,0.8,Ambic_P1105
1680/20,Equidae,Acid_P1105,0.86,Acid_P1105
1680/21,Reindeer,Ambic_P1105,0.84,Ambic_P1105
1680/21,Reindeer,Acid_P1105,0.86,Acid_P1105
1680/22,Reindeer,Ambic_P1105,0.81,Ambic_P1105
1680/22,Reindeer,Acid_P1105,NA,Acid_P1105
1680/23,Reindeer,Ambic_P1105,0.75,Ambic_P1105
1680/23,Reindeer,Acid_P1105,NA,Acid_P1105
1680/24,Reindeer,Ambic_P1105,NA,Ambic_P1105
1680/24,Reindeer,Acid_P1105,0.88,Acid_P1105
1680/25,Elephantidae,Ambic_P1105,NA,Ambic_P1105
1680/25,Elephantidae,Acid_P1105,0.94,Acid_P1105
1680/26,Reindeer,Ambic_P1105,0.83,Ambic_P1105
1680/26,Reindeer,Acid_P1105,NA,Acid_P1105
1680/27,Reindeer,Ambic_P1105,0.83,Ambic_P1105
1680/27,Reindeer,Acid_P1105,NA,Acid_P1105
1680/28,Reindeer,Ambic_P1105,0.79,Ambic_P1105
1680/28,Reindeer,Acid_P1105,0.86,Acid_P1105
1680/29,Reindeer,Ambic_P1105,0.77,Ambic_P1105
1680/29,Reindeer,Acid_P1105,0.75,Acid_P1105
1680/30,Reindeer,Ambic_P1105,0.83,Ambic_P1105
1680/30,Reindeer,Acid_P1105,0.84,Acid_P1105
1680/31,Reindeer,Ambic_P1105,0.75,Ambic_P1105
1680/31,Reindeer,Acid_P1105,0.88,Acid_P1105
1680/32,Reindeer,Ambic_P1105,0.82,Ambic_P1105
1680/32,Reindeer,Acid_P1105,0.81,Acid_P1105
1680/33,Reindeer,Ambic_P1105,0.8,Ambic_P1105
1680/33,Reindeer,Acid_P1105,0.87,Acid_P1105
1680/34,Elephantidae,Ambic_P1105,0.82,Ambic_P1105
1680/34,Elephantidae,Acid_P1105,0.76,Acid_P1105
1680/35,Elephantidae,Ambic_P1105,NA,Ambic_P1105
1680/35,Elephantidae,Acid_P1105,NA,Acid_P1105
1680/36,Reindeer,Ambic_P1105,0.77,Ambic_P1105
1680/36,Reindeer,Acid_P1105,0.75,Acid_P1105
1680/37,Reindeer,Ambic_P1105,0.85,Ambic_P1105
1680/37,Reindeer,Acid_P1105,0.84,Acid_P1105
1680/38,Reindeer,Ambic_P1105,0.83,Ambic_P1105
1680/38,Reindeer,Acid_P1105,0.78,Acid_P1105
1680/39,Reindeer,Ambic_P1105,NA,Ambic_P1105
1680/39,Reindeer,Acid_P1105,0.8,Acid_P1105
1680/40,Reindeer,Ambic_P1105,NA,Ambic_P1105
1680/40,Reindeer,Acid_P1105,0.74,Acid_P1105
1680/41,Reindeer,Ambic_P1105,0.84,Ambic_P1105
1680/41,Reindeer,Acid_P1105,0.81,Acid_P1105
1680/42,Reindeer,Ambic_P1105,0.87,Ambic_P1105
1680/42,Reindeer,Acid_P1105,0.85,Acid_P1105
1680/46,Reindeer,Ambic_P1105,0.81,Ambic_P1105
1680/46,Reindeer,Acid_P1105,0.83,Acid_P1105
1680/47,Reindeer,Ambic_P1105,0.85,Ambic_P1105
1680/47,Reindeer,Acid_P1105,0.82,Acid_P1105
1680/48,Reindeer,Ambic_P1105,0.81,Ambic_P1105
1680/48,Reindeer,Acid_P1105,0.82,Acid_P1105
1680/49,Reindeer,Ambic_P1105,NA,Ambic_P1105
1680/49,Reindeer,Acid_P1105,0.84,Acid_P1105
1680/50,Reindeer,Ambic_P1105,0.75,Ambic_P1105
1680/50,Reindeer,Acid_P1105,0.76,Acid_P1105
1680/51,Reindeer,Ambic_P1105,0.82,Ambic_P1105
1680/51,Reindeer,Acid_P1105,0.78,Acid_P1105
1680/52,Reindeer,Ambic_P1105,0.78,Ambic_P1105
1680/52,Reindeer,Acid_P1105,0.76,Acid_P1105
1680/53,Reindeer,Ambic_P1105,0.83,Ambic_P1105
1680/53,Reindeer,Acid_P1105,0.82,Acid_P1105
1680/54,Reindeer,Ambic_P1105,NA,Ambic_P1105
1680/54,Reindeer,Acid_P1105,0.78,Acid_P1105
1680/55,Reindeer,Ambic_P1105,0.75,Ambic_P1105
1680/55,Reindeer,Acid_P1105,0.79,Acid_P1105
1680/56,Reindeer,Ambic_P1105,0.81,Ambic_P1105
1680/56,Reindeer,Acid_P1105,0.81,Acid_P1105
1680/57,Reindeer,Ambic_P1105,0.79,Ambic_P1105
1680/57,Reindeer,Acid_P1105,0.84,Acid_P1105
1680/58,Reindeer,Ambic_P1105,NA,Ambic_P1105
1680/58,Reindeer,Acid_P1105,NA,Acid_P1105
1680/59,Reindeer,Ambic_P1105,0.83,Ambic_P1105
1680/59,Reindeer,Acid_P1105,0.85,Acid_P1105
1680/60,Reindeer,Ambic_P1105,0.83,Ambic_P1105
1680/60,Reindeer,Acid_P1105,0.81,Acid_P1105
1680/61,Reindeer,Ambic_P1105,0.75,Ambic_P1105
1680/61,Reindeer,Acid_P1105,0.78,Acid_P1105
1680/62,Reindeer,Ambic_P1105,0.85,Ambic_P1105
1680/62,Reindeer,Acid_P1105,0.83,Acid_P1105
1680/63,Reindeer,Ambic_P1105,NA,Ambic_P1105
1680/63,Reindeer,Acid_P1105,0.8,Acid_P1105
1680/64,Reindeer,Ambic_P1105,0.79,Ambic_P1105
1680/64,Reindeer,Acid_P1105,0.84,Acid_P1105
1680/65,Reindeer,Ambic_P1105,NA,Ambic_P1105
1680/65,Reindeer,Acid_P1105,0.76,Acid_P1105
1563/1,Bos/Bison,Ambic_P1105,NA,Ambic_P1105
1563/1,Bos/Bison,Acid_P1105,0.68,Acid_P1105
1563/2,Elephantidae,Ambic_P1105,NA,Ambic_P1105
1563/2,Elephantidae,Acid_P1105,0.82,Acid_P1105
1563/3,Reindeer,Ambic_P1105,NA,Ambic_P1105
1563/3,Reindeer,Acid_P1105,0.81,Acid_P1105
1563/4,Reindeer,Ambic_P1105,0.84,Ambic_P1105
1563/4,Reindeer,Acid_P1105,0.81,Acid_P1105
1563/5,Reindeer,Ambic_P1105,0.78,Ambic_P1105
1563/5,Reindeer,Acid_P1105,0.78,Acid_P1105
1563/6,Reindeer,Ambic_P1105,0.86,Ambic_P1105
1563/6,Reindeer,Acid_P1105,0.81,Acid_P1105
1563/7,Reindeer,Ambic_P1105,0.86,Ambic_P1105
1563/7,Reindeer,Acid_P1105,0.84,Acid_P1105
1563/8,Reindeer,Ambic_P1105,0.79,Ambic_P1105
1563/8,Reindeer,Acid_P1105,0.79,Acid_P1105
1563/9,Reindeer,Ambic_P1105,0.82,Ambic_P1105
1563/9,Reindeer,Acid_P1105,0.85,Acid_P1105
5925/1,Reindeer,Ambic_P1105,0.78,Ambic_P1105
5925/1,Reindeer,Acid_P1105,0.78,Acid_P1105
5925/2,Reindeer,Ambic_P1105,0.79,Ambic_P1105
5925/2,Reindeer,Acid_P1105,0.82,Acid_P1105
5925/3,Reindeer,Ambic_P1105,0.76,Ambic_P1105
5925/3,Reindeer,Acid_P1105,0.81,Acid_P1105
5925/4,Reindeer,Ambic_P1105,0.82,Ambic_P1105
5925/4,Reindeer,Acid_P1105,0.79,Acid_P1105
5925/5,Reindeer,Ambic_P1105,NA,Ambic_P1105
5925/5,Reindeer,Acid_P1105,0.77,Acid_P1105
5925/7,Reindeer,Ambic_P1105,NA,Ambic_P1105
5925/7,Reindeer,Acid_P1105,0.78,Acid_P1105
5925/9,Reindeer,Ambic_P1105,0.78,Ambic_P1105
5925/9,Reindeer,Acid_P1105,0.78,Acid_P1105
5925/10,Equidae,Ambic_P1105,NA,Ambic_P1105
5925/10,Equidae,Acid_P1105,NA,Acid_P1105
5469/1,Reindeer,Ambic_P1105,0.84,Ambic_P1105
5469/1,Reindeer,Acid_P1105,0.84,Acid_P1105
5469/2,Reindeer,Ambic_P1105,0.84,Ambic_P1105
5469/2,Reindeer,Acid_P1105,0.83,Acid_P1105
5469/3,Reindeer,Ambic_P1105,NA,Ambic_P1105
5469/3,Reindeer,Acid_P1105,0.59,Acid_P1105
5469/4,Reindeer,Ambic_P1105,0.81,Ambic_P1105
5469/4,Reindeer,Acid_P1105,0.77,Acid_P1105
5469/5,Reindeer,Ambic_P1105,NA,Ambic_P1105
5469/5,Reindeer,Acid_P1105,0.83,Acid_P1105
5469/6,Elephantidae,Ambic_P1105,NA,Ambic_P1105
5469/6,Elephantidae,Acid_P1105,NA,Acid_P1105
5469/7,Equidae,Ambic_P1105,NA,Ambic_P1105
5469/7,Equidae,Acid_P1105,NA,Acid_P1105
5469/8,Reindeer,Ambic_P1105,NA,Ambic_P1105
5469/8,Reindeer,Acid_P1105,0.75,Acid_P1105
1603/1,Reindeer,Ambic_P1105,0.84,Ambic_P1105
1603/1,Reindeer,Acid_P1105,0.86,Acid_P1105
1603/2,Reindeer,Ambic_P1105,0.73,Ambic_P1105
1603/2,Reindeer,Acid_P1105,0.74,Acid_P1105
1603/4,Reindeer,Ambic_P1105,NA,Ambic_P1105
1603/4,Reindeer,Acid_P1105,NA,Acid_P1105
1603/5,Elephantidae,Ambic_P1105,0.84,Ambic_P1105
1603/5,Elephantidae,Acid_P1105,0.8,Acid_P1105
1603/6,Reindeer,Ambic_P1105,0.84,Ambic_P1105
1603/6,Reindeer,Acid_P1105,0.83,Acid_P1105
1603/7,Reindeer,Ambic_P1105,0.82,Ambic_P1105
1603/7,Reindeer,Acid_P1105,0.84,Acid_P1105
1603/8,Elephantidae,Ambic_P1105,0.81,Ambic_P1105
1603/8,Elephantidae,Acid_P1105,0.83,Acid_P1105
1679,Elephantidae,Ambic_P1105,0.84,Ambic_P1105
1679,Elephantidae,Acid_P1105,0.81,Acid_P1105
6200,Elephantidae,Ambic_P1105,0.72,Ambic_P1105
6200,Elephantidae,Acid_P1105,0.72,Acid_P1105
6719,Elephantidae,Ambic_P1105,NA,Ambic_P1105
6719,Elephantidae,Acid_P1105,0.82,Acid_P1105
6506,Elephantidae,Ambic_P1105,0.84,Ambic_P1105
6506,Elephantidae,Acid_P1105,0.79,Acid_P1105
6797,Elephantidae,Ambic_P1105,0.78,Ambic_P1105
6797,Elephantidae,Acid_P1105,0.78,Acid_P1105
5861,Elephantidae,Ambic_P1105,NA,Ambic_P1105
5861,Elephantidae,Acid_P1105,NA,Acid_P1105
1720,Equidae,Ambic_P1105,0.76,Ambic_P1105
1720,Equidae,Acid_P1105,0.79,Acid_P1105
6554,Elephantidae,Ambic_P1105,NA,Ambic_P1105
6554,Elephantidae,Acid_P1105,NA,Acid_P1105
6361,Equidae,Ambic_P1105,NA,Ambic_P1105
6361,Equidae,Acid_P1105,0.71,Acid_P1105
2156,Elephantidae,Ambic_P1105,0.7,Ambic_P1105
2156,Elephantidae,Acid_P1105,0.73,Acid_P1105
1796/2,Reindeer,Ambic_P1105,0.73,Ambic_P1105
1796/2,Reindeer,Acid_P1105,0.77,Acid_P1105
1299,Reindeer,Ambic_P1105,NA,Ambic_P1105
1299,Reindeer,Acid_P1105,0.74,Acid_P1105
1039,Equidae,Ambic_P1105,0.76,Ambic_P1105
1039,Equidae,Acid_P1105,0.77,Acid_P1105
2091,Equidae,Ambic_P1105,0.69,Ambic_P1105
2091,Equidae,Acid_P1105,0.78,Acid_P1105
2179,Elephantidae,Ambic_P1105,0.75,Ambic_P1105
2179,Elephantidae,Acid_P1105,0.72,Acid_P1105
813,Elephantidae,Ambic_P1105,0.83,Ambic_P1105
813,Elephantidae,Acid_P1105,0.87,Acid_P1105
5742,Reindeer,Ambic_P1105,0.77,Ambic_P1105
5742,Reindeer,Acid_P1105,0.79,Acid_P1105
2066,Equidae,Ambic_P1105,0.76,Ambic_P1105
2066,Equidae,Acid_P1105,0.7,Acid_P1105
